,QUAL,USMV,VLUE,MTUM,PEP,KO,MCD,






























































































































































































































































































































































































































































































































































































































































































































































































































































































































































































